Country,Label,1993,1994,1995,1996,1997,1998,1999,2000,2001,2002,2003,2004,2005,2006,2007,2008,2009,2010,2011,2012,2013
Afghanistan,Production,0.016,0.016,0.012,0.012,0.012,0.012,0.012,0.012,0.008,0.008,0.008,0.007,0.007,0.008,0.015,0.016,0.021,0.031,0.044,0.044,0.014
Afghanistan,Consumption,0.031,0.03,0.025,0.025,0.024,0.023,0.023,0.022,0.018,0.018,0.016,0.016,0.021,0.027,0.035,0.06,0.098,0.122,0.123,0.128,0.126
Albania,Production,0.063,0.068,0.068,0.083,0.073,0.066,0.068,0.061,0.051,0.051,0.069,0.071,0.071,0.068,0.043,0.053,0.064,0.1,0.075,0.084,0.106
Albania,Consumption,0.073,0.069,0.076,0.085,0.077,0.084,0.095,0.096,0.092,0.095,0.114,0.116,0.121,0.118,0.103,0.103,0.112,0.126,0.109,0.107,0.13
Algeria,Production,4.884,4.736,5.048,5.248,5.592,5.749,6.02,6.191,6.17,6.391,6.789,6.901,7.48,7.418,7.324,7.377,7.06,7.122,7.017,6.997,6.508
Algeria,Consumption,1.202,1.24,1.291,1.257,1.202,1.253,1.248,1.236,1.254,1.275,1.289,1.25,1.48,1.54,1.609,1.737,1.837,1.859,2,2.113,2.126
American Samoa,Production,0,0,0,0,0,0,0,0,0,0,0,0,0,0,0,0,0,0,0,0,0
American Samoa,Consumption,0.008,0.008,0.008,0.008,0.008,0.008,0.008,0.008,0.008,0.008,0.008,0.008,0.008,0.009,0.009,0.009,0.009,0.009,0.005,0.005,0.004
Angola,Production,1.113,1.169,1.404,1.542,1.549,1.596,1.615,1.622,1.609,1.941,1.956,2.293,2.697,3.058,3.758,4.221,4.041,4.116,3.794,3.871,3.987
Angola,Consumption,0.084,0.082,0.088,0.084,0.093,0.085,0.094,0.091,0.119,0.127,0.135,0.145,0.148,0.166,0.192,0.219,0.257,0.277,0.286,0.297,0.332
Antigua and Barbuda,Production,0,0,0,0,0,0,0,0,0,0,0,0,0,0,0,0,0,0,0,0,0
Antigua and Barbuda,Consumption,0.006,0.007,0.007,0.007,0.007,0.007,0.007,0.007,0.007,0.007,0.008,0.008,0.009,0.009,0.009,0.009,0.01,0.01,0.01,0.01,0.009
Argentina,Production,2.477,2.687,2.911,3.027,3.283,3.376,3.407,3.492,3.66,3.574,3.741,3.755,3.746,3.822,3.663,3.631,3.537,3.429,3.262,3.115,3.092
Argentina,Consumption,2.201,2.241,2.306,2.387,2.458,2.569,2.61,2.666,2.624,2.478,2.669,2.777,3.11,3.312,3.347,3.479,3.41,3.539,3.669,3.653,3.823
Armenia,Production,0.044,0.036,0.02,0.041,0.031,0.032,0.037,0.034,0.033,0.041,0.041,0.046,0.047,0.046,0.046,0.044,0.046,0.052,0.052,0.047,0.046
Armenia,Consumption,0.148,0.142,0.131,0.167,0.144,0.151,0.153,0.16,0.162,0.162,0.174,0.179,0.2,0.203,0.219,0.215,0.199,0.131,0.142,0.15,0.233
Aruba,Production,0,0,0,0,0,0,0,0,0,0,0,0,0,0,0,0,0,0,0,0,0
Aruba,Consumption,0.01,0.01,0.012,0.008,0.013,0.013,0.013,0.013,0.014,0.014,0.014,0.015,0.015,0.016,0.014,0.014,0.014,0.015,0.014,0.013,0.013
Australia,Production,6.652,6.919,7.429,7.582,8.311,8.661,8.845,9.657,10.248,10.456,10.312,10.461,10.965,11.099,11.691,11.777,12.193,13.06,12.058,11.669,8.9
Australia,Consumption,3.926,3.932,4.046,4.224,4.556,4.589,4.809,4.838,5.009,5.104,5.291,5.466,5.726,5.79,5.932,5.99,6.004,5.89,5.906,5.802,5.738
Austria,Production,0.512,0.49,0.519,0.485,0.493,0.513,0.548,0.56,0.552,0.551,0.486,0.515,0.507,0.517,0.541,0.536,0.562,0.544,0.505,0.596,0.567
Austria,Consumption,1.225,1.216,1.266,1.324,1.335,1.363,1.37,1.354,1.413,1.415,1.434,1.477,1.528,1.52,1.502,1.499,1.441,1.491,1.402,1.442,1.46
Azerbaijan,Production,0.717,0.662,0.645,0.651,0.619,0.731,0.84,0.837,0.88,0.879,0.905,0.888,1.181,1.658,2.236,2.518,2.79,2.876,2.745,2.602,2.506
Azerbaijan,Consumption,0.84,0.761,0.73,0.645,0.638,0.544,0.563,0.531,0.607,0.592,0.601,0.637,0.659,0.701,0.594,0.642,0.578,0.576,0.562,0.603,0.595
"Bahamas, The",Production,0,0,0,0,0,0,0,0,0,0,0,0,0,0,0,0,0,0,0,0,0
"Bahamas, The",Consumption,0.033,0.036,0.043,0.048,0.048,0.054,0.048,0.047,0.047,0.047,0.057,0.057,0.066,0.066,0.063,0.043,0.049,0.049,0.049,0.049,0.053
Bahrain,Production,0.351,0.348,0.343,0.334,0.399,0.403,0.408,0.415,0.425,0.445,0.452,0.457,0.477,0.5,0.517,0.54,0.542,0.549,0.545,0.612,0.699
Bahrain,Consumption,0.287,0.283,0.284,0.284,0.335,0.352,0.356,0.365,0.377,0.398,0.408,0.419,0.457,0.489,0.51,0.535,0.546,0.552,0.548,0.591,0.68
Bangladesh,Production,0.222,0.244,0.264,0.272,0.275,0.296,0.325,0.351,0.374,0.408,0.457,0.497,0.537,0.594,0.624,0.691,0.75,0.762,0.77,0.843,0.871
Bangladesh,Consumption,0.306,0.34,0.382,0.387,0.403,0.419,0.465,0.504,0.553,0.585,0.635,0.675,0.718,0.787,0.818,0.892,0.969,0.944,0.996,1.08,1.129
Barbados,Production,0.004,0.003,0.004,0.003,0.003,0.005,0.005,0.004,0.004,0.003,0.003,0.003,0.003,0.003,0.003,0.004,0.002,0.003,0.003,0.003,0.003
Barbados,Consumption,0.019,0.018,0.018,0.016,0.02,0.021,0.021,0.024,0.023,0.023,0.023,0.016,0.022,0.021,0.019,0.018,0.021,0.019,0.021,0.021,0.017
Belarus,Production,0.097,0.096,0.094,0.089,0.086,0.087,0.087,0.087,0.087,0.086,0.084,0.085,0.082,0.083,0.082,0.082,0.077,0.074,0.074,0.067,0.068
Belarus,Consumption,1.286,1.076,1.01,1.01,0.996,0.974,0.985,1.05,0.96,0.905,0.982,0.949,1.122,1.152,1.149,1.121,1.049,1.126,1.166,1.148,1.237
Belgium,Production,0.443,0.427,0.433,0.45,0.487,0.474,0.505,0.499,0.481,0.49,0.488,0.493,0.499,0.497,0.519,0.492,0.519,0.537,0.557,0.498,0.531
Belgium,Consumption,2.241,2.35,2.412,2.571,2.639,2.684,2.644,2.72,2.681,2.666,2.782,2.813,2.774,2.749,2.748,2.883,2.665,2.848,2.678,2.553,2.612
Belize,Production,0,0,0,0.001,0.001,0.001,0.001,0.001,0.001,0.001,0.001,0.001,0.001,0.007,0.008,0.009,0.01,0.011,0.011,0.009,0.009
Belize,Consumption,0.005,0.004,0.006,0.005,0.008,0.007,0.008,0.011,0.014,0.014,0.014,0.015,0.016,0.017,0.018,0.01,0.009,0.01,0.01,0.01,0.013
Benin,Production,0.013,0.013,0.007,0.005,0.003,0.002,0.002,0.002,0.002,0.002,0,0,0,0,0,0,0,0,0,0,0
Benin,Consumption,0.012,0.013,0.014,0.015,0.017,0.018,0.02,0.024,0.024,0.026,0.031,0.036,0.037,0.044,0.048,0.053,0.066,0.074,0.066,0.066,0.074
Bermuda,Production,0,0,0,0,0,0,0,0,0,0,0,0,0,0,0,0,0,0,0,0,0
Bermuda,Consumption,0.007,0.007,0.007,0.008,0.008,0.008,0.008,0.008,0.007,0.008,0.008,0.009,0.009,0.009,0.012,0.008,0.01,0.01,0.01,0.01,0.01
Bhutan,Production,0.017,0.018,0.02,0.021,0.02,0.019,0.02,0.02,0.022,0.024,0.027,0.024,0.028,0.047,0.067,0.071,0.069,0.073,0.071,0.067,0.072
Bhutan,Consumption,0.013,0.015,0.016,0.018,0.018,0.017,0.017,0.017,0.019,0.021,0.022,0.02,0.023,0.035,0.05,0.053,0.054,0.058,0.055,0.052,0.057
"Bolivia, Plurnational State of",Production,0.173,0.176,0.197,0.201,0.205,0.211,0.186,0.216,0.277,0.321,0.363,0.505,0.591,0.62,0.656,0.658,0.572,0.639,0.696,0.802,0.908
"Bolivia, Plurnational State of",Consumption,0.097,0.108,0.123,0.121,0.135,0.126,0.141,0.162,0.145,0.157,0.198,0.202,0.197,0.208,0.235,0.241,0.239,0.243,0.241,0.3,0.276
Bosnia and Herzegovina,Production,0.138,0.048,0.083,0.076,0.124,0.143,0.151,0.176,0.178,0.19,0.192,0.205,0.208,0.22,0.198,0.204,0.169,0.164,0.157,0.152,0.154
Bosnia and Herzegovina,Consumption,0.202,0.104,0.176,0.114,0.16,0.186,0.191,0.224,0.221,0.232,0.227,0.257,0.28,0.282,0.251,0.296,0.319,0.349,0.33,0.308,0.261
Botswana,Production,0.022,0.022,0.025,0.021,0.02,0.024,0.024,0.024,0.024,0.024,0.021,0.023,0.025,0.025,0.021,0.023,0.019,0.025,0.02,0.038,0.034
Botswana,Consumption,0.039,0.04,0.043,0.04,0.042,0.047,0.049,0.058,0.053,0.053,0.05,0.058,0.061,0.066,0.063,0.076,0.065,0.074,0.065,0.063,0.062
Brazil,Production,4.095,4.264,4.467,4.834,5.061,5.475,5.879,6.36,6.155,6.702,7.021,7.143,7.664,8.002,8.311,8.559,8.925,9.467,9.909,9.763,9.692
Brazil,Consumption,6.296,6.59,6.986,7.42,7.822,8.081,8.234,8.5,8.415,8.506,8.586,8.95,9.247,9.472,9.984,10.448,10.387,11.426,11.89,12.273,12.571
Brunei,Production,0.711,0.722,0.751,0.727,0.741,0.703,0.775,0.816,0.837,0.793,0.828,0.851,0.888,0.984,0.876,0.835,0.741,0.776,0.828,0.771,0.744
Brunei,Consumption,0.052,0.05,0.062,0.058,0.062,0.056,0.063,0.065,0.073,0.085,0.09,0.1,0.119,0.18,0.187,0.194,0.128,0.147,0.152,0.145,0.147
Bulgaria,Production,0.372,0.378,0.421,0.455,0.416,0.418,0.372,0.405,0.405,0.427,0.397,0.388,0.406,0.421,0.389,0.397,0.383,0.419,0.477,0.441,0.211
Bulgaria,Consumption,0.889,0.879,0.957,0.983,0.912,0.845,0.771,0.867,0.903,0.873,0.884,0.874,0.896,0.917,0.821,0.815,0.711,0.739,0.866,0.837,0.799
Burkina Faso,Production,0,0,0,0.001,0.001,0,0.001,0,0,0,0,0.001,0,0,0.001,0.001,0.001,0.001,0,0,0.001
Burkina Faso,Consumption,0.009,0.01,0.01,0.011,0.017,0.016,0.016,0.017,0.017,0.017,0.018,0.018,0.019,0.019,0.021,0.03,0.026,0.027,0.026,0.027,0.024
Burundi,Production,0.001,0.001,0.001,0.001,0.001,0.001,0,0,0.001,0.001,0.001,0,0,0,0.001,0.001,0.001,0.001,0.001,0.002,0.002
Burundi,Consumption,0.006,0.007,0.007,0.007,0.007,0.007,0.007,0.007,0.007,0.007,0.007,0.007,0.007,0.006,0.006,0.004,0.004,0.005,0.005,0.005,0.007
Cambodia,Production,0,0,0,0,0,0,0,0,0,0,0,0,0,0,0,0,0,0,0,0.005,0.01
Cambodia,Consumption,0.007,0.008,0.021,0.023,0.027,0.032,0.033,0.034,0.04,0.043,0.047,0.052,0.055,0.061,0.066,0.074,0.066,0.061,0.067,0.071,0.114
Cameroon,Production,0.302,0.262,0.269,0.264,0.3,0.293,0.251,0.219,0.202,0.184,0.181,0.183,0.216,0.233,0.219,0.22,0.207,0.19,0.182,0.161,0.196
Cameroon,Consumption,0.07,0.075,0.076,0.076,0.08,0.08,0.078,0.081,0.082,0.078,0.083,0.087,0.086,0.099,0.099,0.108,0.109,0.125,0.125,0.137,0.12
Canada,Production,15.379,16.341,16.833,17.226,17.479,17.438,17.681,18.128,18.021,18.358,18.269,18.662,18.881,19.232,19.537,19.06,18.358,18.367,18.859,19.132,18.938
Canada,Consumption,11.67,11.991,12.172,12.518,12.609,12.305,12.922,13.01,12.763,13,13.35,13.677,13.577,13.692,13.57,13.556,13.056,13.547,13.864,13.79,14.194
Cape Verde,Production,0,0,0,0,0,0,0,0,0,0,0,0,0,0,0,0,0,0,0,0,0
Cape Verde,Consumption,0.002,0.002,0.002,0.002,0.002,0.002,0.002,0.003,0.002,0.002,0.002,0.004,0.004,0.004,0.005,0.005,0.006,0.006,0.006,0.005,0.006
Cayman Islands,Production,0,0,0,0,0,0,0,0,0,0,0,0,0,0,0,0,0,0,0,0,0
Cayman Islands,Consumption,0.004,0.004,0.005,0.005,0.005,0.005,0.005,0.005,0.005,0.005,0.005,0.006,0.006,0.007,0.008,0.01,0.008,0.008,0.008,0.008,0.007
Central African Republic,Production,0,0,0,0,0,0,0,0,0,0,0,0.001,0.001,0.001,0.001,0.001,0.001,0.001,0.001,0.001,0.001
Central African Republic,Consumption,0.005,0.005,0.005,0.005,0.005,0.005,0.005,0.005,0.005,0.006,0.006,0.006,0.006,0.006,0.006,0.007,0.006,0.006,0.006,0.006,0.007
Chad,Production,0,0,0,0,0,0,0,0,0,0,0.082,0.39,0.402,0.36,0.328,0.29,0.272,0.279,0.262,0.239,0.223
Chad,Consumption,0.002,0.002,0.002,0.003,0.003,0.003,0.003,0.003,0.003,0.003,0.003,0.003,0.003,0.003,0.004,0.004,0.004,0.004,0.004,0.004,0.004
Chile,Production,0.34,0.337,0.358,0.342,0.344,0.298,0.229,0.282,0.319,0.318,0.341,0.305,0.385,0.402,0.337,0.362,0.391,0.344,0.351,0.328,0.349
Chile,Consumption,0.688,0.74,0.806,0.869,0.983,0.972,1.013,1.019,1.047,1.074,1.135,1.217,1.28,1.313,1.303,1.362,1.355,1.321,1.365,1.358,1.345
China,Production,31.322,33.285,34.88,36.778,36.089,35.781,35.511,38.473,40.947,43.376,49.345,56.911,63.276,67.559,73.034,76.761,79.323,86.528,94.562,97.332,99.878
China,Consumption,29.592,31.878,34.438,35.751,34.849,35.323,37,41.112,43.513,47.121,54.329,63.448,72.653,79.362,85.966,88.885,93.625,99.732,108.238,113.043,116.718
Colombia,Production,1.99,2.011,2.376,2.613,2.842,3.05,3.202,3.078,3.106,2.906,3.128,3.243,3.379,3.611,3.755,4.044,4.195,4.526,5.187,5.334,5.078
Colombia,Consumption,1.056,1.098,1.116,1.191,1.212,1.244,1.164,1.163,1.188,1.164,1.202,1.226,1.265,1.313,1.317,1.36,1.352,1.449,1.54,1.58,1.486
Comoros,Production,0,0,0,0,0,0,0,0,0,0,0,0,0,0,0,0,0,0,0,0,0
Comoros,Consumption,0.001,0.001,0.001,0.001,0.001,0.001,0.001,0.001,0.001,0.001,0.001,0.002,0.002,0.002,0.002,0.002,0.002,0.002,0.002,0.002,0.002
Congo (Kinshasa),Production,0.112,0.112,0.13,0.129,0.114,0.107,0.104,0.119,0.115,0.113,0.112,0.118,0.119,0.12,0.128,0.12,0.126,0.125,0.123,0.121,0.124
Congo (Kinshasa),Consumption,0.105,0.092,0.101,0.103,0.092,0.087,0.086,0.086,0.077,0.074,0.074,0.089,0.092,0.093,0.099,0.096,0.097,0.107,0.116,0.117,0.1
Cook Islands,Production,0,0,0,0,0,0,0,0,0,0,0,0,0,0,0,0,0,0,0,0,0
Cook Islands,Consumption,0,0,0,0,0,0,0,0,0,0,0,0,0,0.001,0,0.001,0.001,0.001,0.001,0.001,0.002
Costa Rica,Production,0.045,0.045,0.041,0.045,0.055,0.05,0.061,0.069,0.07,0.074,0.072,0.079,0.079,0.08,0.082,0.086,0.086,0.087,0.086,0.088,0.084
Costa Rica,Consumption,0.101,0.103,0.106,0.107,0.119,0.122,0.133,0.141,0.147,0.153,0.158,0.162,0.161,0.173,0.182,0.191,0.182,0.185,0.186,0.189,0.196
C™te d'Ivoire,Production,0.012,0.027,0.037,0.073,0.082,0.087,0.1,0.093,0.092,0.091,0.107,0.121,0.145,0.195,0.184,0.204,0.202,0.164,0.156,0.162,0.16
C™te d'Ivoire,Consumption,0.071,0.075,0.081,0.101,0.095,0.096,0.125,0.133,0.11,0.107,0.109,0.115,0.113,0.114,0.12,0.134,0.13,0.122,0.123,0.132,0.124
Croatia,Production,0.211,0.215,0.21,0.216,0.188,0.192,0.188,0.182,0.19,0.165,0.171,0.179,0.166,0.159,0.155,0.162,0.178,0.189,0.134,0.137,0.168
Croatia,Consumption,0.322,0.341,0.345,0.345,0.352,0.372,0.376,0.373,0.384,0.373,0.392,0.408,0.406,0.407,0.399,0.404,0.393,0.391,0.345,0.353,0.396
Cuba,Production,0.06,0.071,0.073,0.085,0.113,0.101,0.12,0.13,0.138,0.134,0.151,0.158,0.142,0.14,0.145,0.172,0.162,0.169,0.172,0.165,0.161
Cuba,Consumption,0.403,0.411,0.418,0.428,0.472,0.449,0.456,0.459,0.466,0.467,0.464,0.519,0.45,0.355,0.372,0.35,0.415,0.4,0.411,0.409,0.395
Cyprus,Production,0,0,0,0,0,0,0,0,0,0,0,0,0,0,0,0,0,0.001,0.002,0.002,0.003
Cyprus,Consumption,0.082,0.093,0.093,0.091,0.092,0.1,0.105,0.103,0.112,0.111,0.112,0.118,0.12,0.124,0.126,0.131,0.126,0.122,0.12,0.113,0.127
Czech Republic,Production,1.201,1.116,1.061,1.113,0.895,0.841,0.76,0.814,0.839,0.868,0.915,0.91,0.895,0.919,1.066,1.049,1.004,1.023,1.057,1.064,1.001
Czech Republic,Consumption,1.609,1.541,1.576,1.669,1.465,1.422,1.329,1.39,1.436,1.434,1.498,1.515,1.541,1.592,1.636,1.625,1.528,1.592,1.759,1.738,1.709
Democratic Republic of Congo,Production,0.386,0.383,0.4,0.43,0.557,0.581,0.593,0.615,0.56,0.547,0.538,0.518,0.504,0.529,0.462,0.522,0.599,0.692,0.675,0.664,0.644
Democratic Republic of Congo,Consumption,0.015,0.015,0.015,0.015,0.015,0.014,0.012,0.013,0.016,0.015,0.017,0.018,0.027,0.028,0.034,0.04,0.048,0.073,0.077,0.084,0.098
Denmark,Production,0.556,0.595,0.615,0.709,0.817,0.84,0.982,1.145,1.118,1.179,1.184,1.285,1.301,1.219,1.12,1.092,0.968,0.953,0.856,0.789,0.714
Denmark,Consumption,0.839,0.873,0.883,0.978,0.944,0.922,0.89,0.876,0.889,0.856,0.896,0.863,0.846,0.897,0.879,0.829,0.786,0.817,0.778,0.734,0.754
Djibouti,Production,0,0,0,0,0,0,0,0,0,0,0,0,0,0,0,0,0,0,0,0,0
Djibouti,Consumption,0.024,0.024,0.024,0.024,0.024,0.024,0.024,0.025,0.025,0.025,0.026,0.026,0.026,0.024,0.023,0.017,0.017,0.017,0.017,0.017,0.024
Dominica,Production,0,0,0,0,0,0,0,0,0,0,0,0,0,0,0,0,0,0,0,0,0
Dominica,Consumption,0.001,0.001,0.001,0.001,0.001,0.001,0.002,0.001,0.002,0.002,0.002,0.002,0.002,0.002,0.002,0.002,0.002,0.002,0.002,0.002,0.002
Dominican Republic,Production,0.012,0.006,0.007,0.009,0.007,0.008,0.012,0.008,0.008,0.009,0.013,0.017,0.019,0.018,0.017,0.014,0.015,0.014,0.016,0.017,0.023
Dominican Republic,Consumption,0.139,0.147,0.159,0.173,0.182,0.188,0.212,0.234,0.245,0.252,0.269,0.263,0.272,0.279,0.291,0.31,0.278,0.286,0.302,0.317,0.35
Ecuador,Production,0.821,0.874,0.919,0.944,0.924,0.897,0.898,0.954,0.985,0.942,0.98,1.242,1.246,1.263,1.23,1.232,1.168,1.165,1.214,1.247,1.282
Ecuador,Consumption,0.288,0.315,0.308,0.332,0.343,0.35,0.336,0.345,0.361,0.365,0.375,0.392,0.423,0.463,0.518,0.574,0.583,0.593,0.619,0.65,0.645
Egypt,Production,2.481,2.522,2.599,2.649,2.513,2.477,2.594,2.547,2.691,2.667,2.85,2.858,3.129,3.19,3.249,3.762,3.923,3.886,3.848,3.873,3.713
Egypt,Consumption,1.511,1.563,1.599,1.737,1.799,1.856,1.931,2.017,2.237,2.269,2.443,2.595,2.758,2.603,2.756,3.133,3.188,3.233,3.405,3.672,3.561
El Salvador,Production,0.016,0.017,0.02,0.024,0.02,0.021,0.024,0.02,0.022,0.022,0.026,0.025,0.028,0.032,0.032,0.037,0.032,0.038,0.037,0.036,0.035
El Salvador,Consumption,0.062,0.069,0.084,0.086,0.087,0.099,0.104,0.101,0.105,0.104,0.113,0.111,0.117,0.122,0.123,0.126,0.118,0.125,0.127,0.128,0.131
Equatorial Guinea,Production,0.009,0.01,0.01,0.034,0.105,0.166,0.204,0.336,0.363,0.471,0.46,0.739,0.79,0.761,0.831,0.927,0.91,0.873,0.84,0.85,0.802
Equatorial Guinea,Consumption,0.002,0.002,0.002,0.002,0.002,0.003,0.003,0.004,0.004,0.049,0.051,0.006,0.05,0.05,0.059,0.066,0.064,0.068,0.07,0.076,0.06
Eritrea,Production,0,0,0,0,0,0,0,0,0,0,0,0,0,0,0,0,0,0,0,0,0
Eritrea,Consumption,0,0.014,0.015,0.016,0.016,0.017,0.014,0.009,0.011,0.01,0.011,0.01,0.01,0.01,0.01,0.006,0.007,0.01,0.007,0.008,0.01
Estonia,Production,0,0,0,0,0,0,0,0,0,0,0,0,0.001,0.001,0.001,0.002,0.005,0.01,0.011,0.014,0.012
Estonia,Consumption,0.093,0.09,0.079,0.086,0.094,0.115,0.088,0.084,0.095,0.099,0.096,0.1,0.087,0.095,0.094,0.095,0.085,0.081,0.078,0.092,0.088
Ethiopia,Production,0.013,0.014,0.015,0.015,0.016,0.016,0.016,0.017,0.02,0.02,0.023,0.025,0.028,0.032,0.033,0.032,0.035,0.049,0.061,0.072,0.083
Ethiopia,Consumption,0.059,0.044,0.048,0.04,0.04,0.052,0.061,0.065,0.07,0.074,0.081,0.085,0.091,0.103,0.112,0.132,0.131,0.138,0.165,0.189,0.203
Falkland Islands (Islas Malvinas),Production,0,0,0,0,0,0,0,0,0,0,0,0,0,0,0,0,0,0,0,0,0
Falkland Islands (Islas Malvinas),Consumption,0,0,0,0,0,0,0,0,0,0,0,0,0,0,0,0,0,0,0,0,0
Faroe Islands,Production,0,0,0,0,0,0,0,0,0,0,0,0.001,0.001,0.001,0.001,0.001,0.001,0,0.001,0,0
Faroe Islands,Consumption,0.009,0.009,0.01,0.01,0.01,0.01,0.01,0.01,0.01,0.01,0.01,0.011,0.011,0.012,0.011,0.011,0.011,0.011,0.011,0.011,0.011
Fiji,Production,0.004,0.004,0.005,0.005,0.005,0.004,0.005,0.004,0.005,0.005,0.004,0.004,0.004,0.004,0.005,0.005,0.005,0.004,0.005,0.005,0.005
Fiji,Consumption,0.017,0.018,0.019,0.02,0.02,0.019,0.021,0.024,0.026,0.03,0.037,0.04,0.039,0.041,0.04,0.036,0.024,0.023,0.024,0.024,0.028
Finland,Production,0.394,0.377,0.387,0.374,0.402,0.463,0.442,0.456,0.443,0.418,0.415,0.477,0.463,0.447,0.47,0.497,0.441,0.458,0.461,0.495,0.475
Finland,Consumption,1.13,1.176,1.123,1.134,1.167,1.214,1.197,1.227,1.242,1.245,1.301,1.336,1.255,1.307,1.326,1.286,1.195,1.285,1.221,1.207,1.204
France,Production,4.849,4.878,4.979,5.04,4.937,4.79,4.937,5.041,5.155,5.141,5.159,5.188,5.139,5.176,5.101,5.148,4.803,5.091,5.089,5.079,5.154
France,Consumption,9.814,9.784,10.063,10.419,10.322,10.563,10.703,10.836,11.054,10.988,11.119,11.334,11.366,11.37,11.213,11.296,10.733,11.008,10.772,10.624,10.81
French Guiana,Production,0,0,0,0,0,0,0,0,0.005,0.006,0.006,0.006,0.006,0.006,0.007,0.007,0.007,0.007,0.006,0.005,0.005
French Guiana,Consumption,0.012,0.012,0.013,0.013,0.013,0.014,0.014,0.014,0.019,0.02,0.021,0.02,0.021,0.021,0.021,0.02,0.018,0.021,0.018,0.016,0.019
French Polynesia,Production,0,0,0.001,0.001,0.001,0.002,0,0.001,0.001,0.001,0.002,0.002,0.002,0.002,0.002,0.002,0.002,0.003,0.002,0.002,0.001
French Polynesia,Consumption,0.013,0.011,0.011,0.011,0.011,0.012,0.011,0.011,0.011,0.011,0.014,0.014,0.015,0.016,0.016,0.017,0.017,0.018,0.016,0.016,0.017
Gabon,Production,0.683,0.718,0.796,0.805,0.808,0.768,0.724,0.69,0.592,0.553,0.531,0.528,0.584,0.523,0.536,0.546,0.532,0.54,0.537,0.491,0.537
Gabon,Consumption,0.043,0.044,0.042,0.043,0.046,0.044,0.04,0.037,0.038,0.038,0.039,0.039,0.038,0.042,0.045,0.05,0.052,0.05,0.048,0.061,0.065
"Gambia, The",Production,0,0,0,0,0,0,0,0,0,0,0,0,0,0,0,0,0,0,0,0,0
"Gambia, The",Consumption,0.003,0.003,0.003,0.003,0.003,0.003,0.003,0.004,0.004,0.004,0.004,0.004,0.004,0.005,0.006,0.006,0.006,0.007,0.006,0.006,0.007
Georgia,Production,0.074,0.076,0.056,0.064,0.069,0.071,0.072,0.066,0.063,0.072,0.072,0.065,0.067,0.055,0.069,0.073,0.077,0.095,0.081,0.075,0.087
Georgia,Consumption,0.198,0.156,0.151,0.159,0.106,0.165,0.144,0.138,0.126,0.144,0.131,0.136,0.152,0.14,0.166,0.177,0.178,0.193,0.177,0.184,0.197
Germany,Production,5.849,5.716,5.667,5.498,5.571,5.269,5.32,5.327,5.295,5.313,5.281,5.36,5.254,5.295,5.248,5.07,4.795,4.824,4.702,4.795,4.548
Germany,Consumption,14.064,14.037,14.312,14.299,14.215,14.222,14.019,14.181,14.539,14.202,14.074,14.244,14.064,14.352,13.739,14.026,13.125,13.989,13.404,13.571,13.776
Ghana,Production,0.068,0.065,0.071,0.081,0.08,0.05,0.065,0.082,0.083,0.066,0.054,0.068,0.069,0.068,0.049,0.073,0.079,0.083,0.238,0.246,0.29
Ghana,Consumption,0.111,0.115,0.117,0.123,0.122,0.095,0.116,0.143,0.142,0.131,0.125,0.145,0.149,0.15,0.133,0.154,0.172,0.199,0.239,0.246,0.23
Gibraltar,Production,0,0,0,0,0,0,0,0,0,0,0,0,0,0,0,0,0,0,0,0,0
Gibraltar,Consumption,0.041,0.042,0.042,0.042,0.042,0.048,0.042,0.094,0.051,0.052,0.054,0.055,0.056,0.058,0.06,0.057,0.063,0.114,0.121,0.122,0.041
Greece,Production,0.352,0.347,0.358,0.352,0.385,0.395,0.387,0.4,0.395,0.405,0.416,0.417,0.417,0.404,0.38,0.387,0.406,0.389,0.375,0.414,0.413
Greece,Consumption,1.073,1.087,1.124,1.145,1.199,1.274,1.266,1.338,1.355,1.36,1.437,1.427,1.435,1.479,1.5,1.471,1.403,1.348,1.304,1.213,1.151
Greenland,Production,0,0,0,0,0,0,0,0,0,0,0,0,0,0,0,0,0,0,0,0,0
Greenland,Consumption,0.007,0.007,0.007,0.007,0.007,0.008,0.008,0.008,0.008,0.008,0.008,0.008,0.008,0.008,0.012,0.012,0.011,0.014,0.015,0.015,0.015
Grenada,Production,0,0,0,0,0,0,0,0,0,0,0,0,0,0,0,0,0,0,0,0,0
Grenada,Consumption,0.002,0.002,0.002,0.002,0.003,0.003,0.003,0.002,0.003,0.003,0.003,0.004,0.004,0.004,0.004,0.004,0.004,0.004,0.004,0.004,0.005
Guadeloupe,Production,0,0,0,0,0,0,0,0,0,0,0.002,0.002,0.001,0.001,0.001,0.001,0.001,0.001,0.001,0,0
Guadeloupe,Consumption,0.023,0.024,0.025,0.024,0.025,0.025,0.025,0.026,0.027,0.027,0.029,0.03,0.031,0.033,0.036,0.037,0.032,0.032,0.032,0.031,0.034
Guam,Production,0,0,0,0,0,0,0,0,0,0,0,0,0,0,0,0,0,0,0,0,0
Guam,Consumption,0.047,0.066,0.05,0.045,0.051,0.042,0.047,0.039,0.042,0.029,0.033,0.026,0.053,0.056,0.04,0.025,0.04,0.036,0.032,0.034,0.029
Guatemala,Production,0.039,0.043,0.045,0.052,0.058,0.074,0.082,0.079,0.076,0.067,0.091,0.085,0.08,0.089,0.081,0.081,0.072,0.081,0.081,0.082,0.085
Guatemala,Consumption,0.092,0.103,0.109,0.113,0.123,0.142,0.153,0.158,0.17,0.169,0.184,0.189,0.196,0.2,0.208,0.2,0.206,0.205,0.209,0.213,0.241
Guinea,Production,0.002,0.002,0.002,0.002,0.003,0.003,0.004,0.004,0.006,0.006,0.004,0.005,0.005,0.005,0.005,0.005,0.005,0.005,0.005,0.005,0.005
Guinea,Consumption,0.018,0.019,0.019,0.019,0.02,0.02,0.021,0.022,0.023,0.024,0.022,0.024,0.024,0.023,0.023,0.024,0.024,0.024,0.024,0.025,0.023
Guinea-Bissau,Production,0,0,0,0,0,0,0,0,0,0,0,0,0,0,0,0,0,0,0,0,0
Guinea-Bissau,Consumption,0.004,0.004,0.004,0.004,0.004,0.004,0.004,0.005,0.005,0.005,0.005,0.005,0.005,0.005,0.006,0.005,0.006,0.006,0.006,0.006,0.006
Guyana,Production,0,0,0,0,0,0,0,0,0,0,0,0,0,0,0,0,0,0,0,0,0
Guyana,Consumption,0.015,0.016,0.013,0.014,0.016,0.02,0.021,0.023,0.024,0.024,0.023,0.021,0.023,0.022,0.022,0.023,0.023,0.022,0.023,0.023,0.022
Haiti,Production,0.003,0.002,0.003,0.003,0.002,0.003,0.003,0.003,0.003,0.003,0.003,0.003,0.003,0.003,0.002,0.002,0.002,0.002,0.001,0.002,0.001
Haiti,Consumption,0.012,0.01,0.016,0.018,0.022,0.022,0.023,0.024,0.026,0.027,0.026,0.027,0.027,0.028,0.029,0.037,0.033,0.031,0.033,0.033,0.03
Honduras,Production,0.023,0.019,0.017,0.021,0.021,0.019,0.022,0.023,0.02,0.016,0.018,0.015,0.019,0.022,0.023,0.024,0.029,0.031,0.033,0.036,0.036
Honduras,Consumption,0.061,0.061,0.065,0.073,0.075,0.08,0.087,0.086,0.093,0.098,0.1,0.109,0.118,0.121,0.133,0.13,0.124,0.131,0.136,0.148,0.156
Hong Kong,Production,0,0,0,0,0,0,0,0,0,0,0,0,0,0,0,0,0,0,0,0,0
Hong Kong,Consumption,0.576,0.564,0.61,0.626,0.663,0.709,0.872,0.785,0.858,0.926,0.959,1.067,1.112,1.1,1.183,1.112,1.278,1.365,1.27,1.201,1.221
Hungary,Production,0.524,0.522,0.52,0.512,0.525,0.476,0.459,0.453,0.449,0.418,0.391,0.397,0.399,0.393,0.384,0.385,0.403,0.4,0.391,0.373,0.347
Hungary,Consumption,1.024,1.02,1.033,1.067,1.043,1.051,1.051,1.024,1.056,1.058,1.083,1.084,1.155,1.147,1.114,1.107,1.036,1.055,1.028,0.962,0.945
Iceland,Production,0.048,0.049,0.051,0.052,0.056,0.063,0.073,0.078,0.082,0.085,0.085,0.086,0.086,0.098,0.118,0.161,0.163,0.165,0.166,0.166,0.165
Iceland,Consumption,0.081,0.082,0.084,0.09,0.094,0.103,0.112,0.119,0.121,0.125,0.126,0.128,0.129,0.144,0.164,0.212,0.212,0.212,0.213,0.206,0.204
India,Production,7.503,7.979,9.476,9.189,9.411,9.456,9.595,9.833,10.235,10.083,10.645,11.238,11.943,12.612,13.261,13.874,14.934,15.709,16.148,16.178,14.902
India,Consumption,9.186,9.877,11.379,11.323,11.69,12.085,12.832,13.287,13.735,13.761,14.221,15.427,16.589,17.737,19.153,20.108,22.177,23.7,23.309,24.442,25.428
Indonesia,Production,6.315,6.652,6.95,7.434,7.412,7.414,7.666,7.443,6.988,7.851,7.987,8.076,8.47,8.879,9.698,9.589,10.949,13.777,15.798,16.957,15.999
Indonesia,Consumption,2.969,3.041,3.27,3.657,3.554,3.313,3.636,3.881,3.877,4.115,3.895,4.493,4.598,5.01,5.212,5.299,5.975,6.435,5.87,6.378,6.354
Iran,Production,8.833,9.162,9.347,9.646,9.84,9.896,9.996,10.398,10.672,10.444,11.356,12.056,13.115,13.124,12.996,13.357,14.259,14.607,14.785,13.631,13.032
Iran,Consumption,3.478,3.681,3.822,3.956,4.428,4.583,4.834,5.013,5.385,5.885,6.178,6.391,7.443,7.923,8.127,8.503,9.33,9.186,9.471,9.835,9.87
Iraq,Production,1.211,1.328,1.352,1.39,2.604,4.706,5.475,5.622,5.217,4.422,2.844,4.378,4.124,4.393,4.562,5.183,5.171,5.209,5.668,6.449,6.606
Iraq,Consumption,0.964,1.102,1.131,1.125,1.041,1.056,1.074,1.084,1.134,1.144,1.012,1.125,1.239,1.226,1.303,1.337,1.379,1.438,1.468,1.619,1.709
Ireland,Production,0.103,0.106,0.107,0.103,0.092,0.074,0.06,0.056,0.04,0.044,0.036,0.044,0.039,0.043,0.044,0.051,0.054,0.047,0.06,0.058,0.06
Ireland,Consumption,0.398,0.42,0.431,0.458,0.489,0.532,0.565,0.601,0.629,0.622,0.618,0.644,0.663,0.697,0.692,0.693,0.62,0.634,0.585,0.571,0.576
Israel,Production,0.002,0.002,0.001,0.001,0.002,0.001,0.001,0,0,0,0.001,0.028,0.027,0.035,0.041,0.052,0.044,0.058,0.097,0.055,0.172
Israel,Consumption,0.606,0.643,0.662,0.679,0.704,0.716,0.723,0.809,0.782,0.846,0.857,0.88,0.805,0.878,0.895,0.891,0.864,0.955,0.915,0.957,0.928
Italy,Production,1.348,1.421,1.358,1.428,1.42,1.404,1.345,1.324,1.295,1.22,1.177,1.255,1.192,1.16,1.083,1.131,1.149,1.268,1.335,1.414,1.572
Italy,Consumption,6.823,6.724,7.032,7.067,7.159,7.376,7.5,7.568,7.615,7.637,7.866,8.065,8.111,8.064,7.959,7.894,7.358,7.655,7.48,7.201,6.976
Jamaica,Production,0.002,0.002,0.002,0.002,0.002,0.002,0.002,0.002,0.001,0.001,0.001,0.002,0.002,0.003,0.002,0.003,0.003,0.003,0.004,0.004,0.004
Jamaica,Consumption,0.117,0.122,0.134,0.137,0.145,0.148,0.152,0.146,0.147,0.151,0.156,0.158,0.152,0.171,0.18,0.174,0.129,0.114,0.121,0.116,0.148
Japan,Production,3.987,3.864,4.255,4.344,4.581,4.674,4.47,4.513,4.475,4.174,3.74,4.155,4.15,4.357,4.001,3.715,3.919,4.294,3.058,1.579,1.656
Japan,Consumption,20.176,20.345,20.982,21.384,21.887,21.466,21.933,22.428,22.241,22.059,22.069,22.999,22.441,22.863,22.756,22.082,20.562,22.131,20.848,20.34,20.37
Jordan,Production,0.008,0.011,0.011,0.01,0.011,0.011,0.011,0.011,0.011,0.012,0.012,0.012,0.011,0.012,0.01,0.008,0.009,0.009,0.009,0.007,0.006
Jordan,Consumption,0.16,0.184,0.193,0.205,0.199,0.215,0.214,0.225,0.22,0.231,0.251,0.278,0.294,0.308,0.31,0.315,0.313,0.323,0.306,0.317,0.274
Kazakhstan,Production,3.261,2.608,2.326,2.41,2.472,2.428,2.626,3.383,3.687,3.984,4.161,4.652,4.864,5.137,5.285,5.553,5.574,5.825,6.085,6.486,6.216
Kazakhstan,Consumption,2.901,2.285,1.999,1.953,1.68,1.617,1.779,1.777,1.92,1.952,1.747,2.175,2.216,2.405,2.405,2.382,2.028,2.248,2.566,2.518,2.559
Kenya,Production,0.036,0.035,0.038,0.04,0.038,0.038,0.03,0.021,0.033,0.039,0.044,0.042,0.043,0.045,0.047,0.041,0.036,0.049,0.05,0.058,0.056
Kenya,Consumption,0.128,0.132,0.139,0.145,0.135,0.149,0.143,0.143,0.145,0.151,0.162,0.17,0.184,0.203,0.204,0.189,0.198,0.223,0.241,0.242,0.236
Kiribati,Production,0,0,0,0,0,0,0,0,0,0,0,0,0,0,0,0,0,0,0,0,0
Kiribati,Consumption,0,0,0,0,0,0,0,0,0,0,0,0,0,0,0,0,0,0,0,0,0
Kuwait,Production,4.284,4.727,4.812,4.942,4.847,5.015,4.597,5.036,4.814,4.581,5.142,5.706,6.108,6.125,5.973,6.28,5.682,5.624,6.188,6.517,6.563
Kuwait,Consumption,0.475,0.573,0.592,0.749,0.798,0.846,0.861,0.91,0.883,0.888,0.96,1.007,1.147,1.139,1.162,1.226,1.214,1.338,1.498,1.536,1.589
Kyrgyzstan,Production,0.121,0.136,0.125,0.137,0.123,0.111,0.133,0.15,0.139,0.119,0.146,0.151,0.137,0.133,0.134,0.11,0.111,0.119,0.151,0.155,0.148
Kyrgyzstan,Consumption,0.245,0.236,0.183,0.232,0.218,0.218,0.236,0.241,0.228,0.193,0.202,0.211,0.196,0.191,0.199,0.213,0.219,0.202,0.229,0.257,0.246
Laos,Production,0.009,0.009,0.011,0.014,0.014,0.022,0.031,0.04,0.04,0.041,0.036,0.04,0.042,0.043,0.048,0.049,0.047,0.085,0.121,0.12,0.142
Laos,Consumption,0.011,0.011,0.014,0.016,0.017,0.023,0.028,0.034,0.035,0.036,0.033,0.037,0.038,0.04,0.043,0.047,0.046,0.074,0.097,0.094,0.111
Latvia,Production,0.029,0.034,0.03,0.019,0.03,0.031,0.028,0.029,0.029,0.025,0.023,0.032,0.034,0.027,0.028,0.031,0.034,0.035,0.03,0.039,0.033
Latvia,Consumption,0.169,0.162,0.172,0.172,0.161,0.16,0.148,0.154,0.161,0.154,0.16,0.176,0.185,0.184,0.173,0.165,0.165,0.171,0.162,0.17,0.16
Lebanon,Production,0.007,0.008,0.007,0.008,0.009,0.008,0.003,0.005,0.003,0.007,0.014,0.011,0.01,0.007,0.006,0.004,0.006,0.008,0.008,0.009,0.011
Lebanon,Consumption,0.149,0.17,0.183,0.192,0.22,0.224,0.23,0.234,0.225,0.229,0.238,0.228,0.219,0.194,0.179,0.229,0.283,0.273,0.272,0.276,0.232
Lesotho,Production,0,0,0,0,0,0,0.002,0.003,0.003,0.003,0.003,0.003,0.005,0.005,0.005,0.006,0.006,0.007,0.006,0.005,0.005
Lesotho,Consumption,0.003,0.004,0.004,0.004,0.004,0.003,0.005,0.006,0.006,0.006,0.006,0.006,0.008,0.009,0.009,0.01,0.01,0.015,0.01,0.009,0.01
Liberia,Production,0,0,0,0,0,0,0,0,0,0,0,0,0,0,0,0,0,0,0,0,0
Liberia,Consumption,0.005,0.005,0.005,0.006,0.006,0.006,0.006,0.006,0.007,0.007,0.007,0.007,0.007,0.009,0.009,0.009,0.008,0.008,0.008,0.008,0.008
Libya,Production,3.169,3.205,3.228,3.276,3.386,3.26,3.068,3.298,3.207,3.112,3.301,3.609,3.99,4.223,4.366,4.465,4.273,4.306,1.323,3.527,2.484
Libya,Consumption,0.513,0.531,0.553,0.585,0.617,0.593,0.558,0.63,0.667,0.697,0.684,0.758,0.772,0.735,0.725,0.762,0.824,0.938,0.568,0.704,0.747
Lithuania,Production,0.138,0.089,0.124,0.145,0.127,0.153,0.114,0.102,0.139,0.166,0.177,0.17,0.116,0.097,0.109,0.11,0.118,0.013,0.013,0.016,0.017
Lithuania,Consumption,0.394,0.355,0.379,0.361,0.359,0.391,0.304,0.297,0.316,0.34,0.352,0.353,0.349,0.349,0.382,0.376,0.321,0.257,0.272,0.272,0.313
Luxembourg,Production,0.001,0.002,0.001,0.001,0.001,0.002,0.002,0.002,0.002,0.002,0.002,0.002,0.002,0.003,0.003,0.003,0.003,0.003,0.002,0.003,0.004
Luxembourg,Consumption,0.127,0.13,0.125,0.132,0.136,0.138,0.146,0.155,0.163,0.17,0.179,0.201,0.203,0.201,0.197,0.197,0.186,0.197,0.193,0.189,0.185
Macau,Production,0,0,0,0,0,0,0,0,0,0,0,0,0,0,0,0,0,0,0,0,0
Macau,Consumption,0.017,0.019,0.019,0.021,0.021,0.023,0.024,0.022,0.024,0.026,0.027,0.032,0.029,0.035,0.036,0.033,0.033,0.029,0.032,0.036,0.037
Macedonia,Production,0.066,0.067,0.072,0.071,0.075,0.083,0.079,0.062,0.061,0.061,0.066,0.066,0.064,0.063,0.056,0.062,0.065,0.071,0.072,0.063,0.06
Macedonia,Consumption,0.126,0.112,0.115,0.125,0.122,0.14,0.129,0.115,0.106,0.107,0.117,0.119,0.122,0.121,0.12,0.12,0.115,0.125,0.134,0.125,0.117
Madagascar,Production,0.004,0.004,0.004,0.004,0.005,0.005,0.005,0.006,0.005,0.005,0.006,0.006,0.006,0.006,0.007,0.007,0.007,0.007,0.007,0.013,0.014
Madagascar,Consumption,0.019,0.021,0.022,0.022,0.023,0.023,0.023,0.031,0.033,0.038,0.039,0.043,0.042,0.041,0.042,0.036,0.033,0.033,0.032,0.038,0.055
Malawi,Production,0.008,0.008,0.009,0.009,0.009,0.01,0.011,0.012,0.012,0.013,0.013,0.014,0.014,0.015,0.015,0.016,0.016,0.018,0.019,0.019,0.018
Malawi,Consumption,0.017,0.018,0.019,0.019,0.019,0.021,0.022,0.023,0.023,0.024,0.024,0.027,0.028,0.029,0.03,0.032,0.028,0.031,0.031,0.032,0.045
Malaysia,Production,2.338,2.41,2.592,2.836,3.01,3.143,3.159,3.314,3.341,3.433,3.66,3.709,3.736,3.673,3.788,3.882,3.81,3.842,3.738,3.776,3.804
Malaysia,Consumption,1.288,1.432,1.471,1.668,1.672,1.693,1.723,1.979,2.103,2.236,2.161,2.185,2.298,2.364,2.589,2.741,2.835,3.031,3.22,3.227,3.253
Maldives,Production,0,0,0,0,0,0,0,0,0,0,0,0,0,0,0,0,0,0,0,0,0
Maldives,Consumption,0.002,0.003,0.005,0.005,0.004,0.005,0.005,0.007,0.007,0.013,0.015,0.01,0.008,0.011,0.013,0.013,0.015,0.015,0.015,0.015,0.016
Mali,Production,0.002,0.002,0.002,0.002,0.002,0.002,0.002,0.002,0.002,0.002,0.002,0.002,0.004,0.005,0.005,0.006,0.006,0.007,0.007,0.007,0.007
Mali,Consumption,0.009,0.01,0.01,0.01,0.01,0.01,0.01,0.01,0.01,0.011,0.011,0.011,0.014,0.014,0.014,0.015,0.016,0.016,0.017,0.016,0.019
Malta,Production,0,0,0,0,0,0,0,0,0,0,0,0,0,0,0,0,0,0,0,0,0
Malta,Consumption,0.036,0.036,0.034,0.035,0.037,0.039,0.045,0.039,0.033,0.039,0.039,0.04,0.041,0.039,0.041,0.078,0.088,0.105,0.094,0.094,0.081
Martinique,Production,0,0,0,0,0,0,0,0,0,0,0,0,0,0,0,0,0,0,0,0,0
Martinique,Consumption,0.027,0.027,0.028,0.028,0.028,0.028,0.028,0.028,0.028,0.029,0.03,0.031,0.033,0.033,0.034,0.03,0.036,0.036,0.036,0.036,0.039
Mauritania,Production,0,0,0,0,0,0,0,0,0,0,0,0,0,0.066,0.033,0.028,0.025,0.019,0.018,0.015,0.016
Mauritania,Consumption,0.047,0.047,0.048,0.048,0.049,0.049,0.049,0.05,0.05,0.047,0.049,0.042,0.049,0.042,0.039,0.028,0.028,0.028,0.028,0.028,0.038
Mauritius,Production,0.001,0,0.001,0.001,0,0.001,0.003,0.005,0.005,0.005,0.006,0.006,0.005,0.005,0.005,0.006,0.006,0.006,0.005,0.005,0.006
Mauritius,Consumption,0.033,0.033,0.036,0.035,0.036,0.037,0.041,0.053,0.059,0.054,0.057,0.058,0.06,0.064,0.068,0.071,0.064,0.072,0.073,0.074,0.075
Mexico,Production,8.065,8.147,8.09,8.786,9.094,9.345,9.094,9.376,9.588,9.649,10.095,10.006,10.028,10.056,9.758,9.171,8.616,8.83,8.867,8.726,8.542
Mexico,Consumption,5.206,5.416,5.326,5.528,5.677,5.991,6.12,6.349,6.309,6.32,6.43,6.448,6.685,6.917,7.141,7.244,6.957,7.287,7.525,7.498,7.743
Micronesia,Production,0,0,0,0,0,0,0,0,0,0,0,0,0,0,0,0,0,0,0,0,0
Micronesia,Consumption,0,0,0,0,0,0,0,0,0,0,0,0,0,0,0,0,0,0,0,0,0
Moldova,Production,0.007,0.005,0.004,0.004,0.005,0.004,0.004,0.004,0.004,0.004,0.004,0.004,0.004,0.004,0.003,0.004,0.003,0.004,0.003,0.003,0.003
Moldova,Consumption,0.2,0.154,0.138,0.15,0.152,0.141,0.111,0.112,0.109,0.119,0.13,0.126,0.133,0.139,0.132,0.138,0.122,0.121,0.118,0.157,0.166
Mongolia,Production,0.071,0.064,0.07,0.046,0.042,0.044,0.043,0.045,0.045,0.048,0.047,0.061,0.1,0.118,0.142,0.167,0.256,0.513,0.693,0.636,0.189
Mongolia,Consumption,0.099,0.093,0.1,0.075,0.062,0.061,0.062,0.063,0.065,0.07,0.066,0.071,0.072,0.082,0.085,0.091,0.09,0.097,0.14,0.155,0.164
Montenegro,Production,0,0,0,0,0,0,0,0,0,0,0,0,0,0.031,0.023,0.03,0.028,0.044,0.029,0.03,0.041
Montenegro,Consumption,0,0,0,0,0,0,0,0,0,0,0,0,0,0,0.036,0.043,0.04,0.055,0.046,0.045,0.048
Montserrat,Production,0,0,0,0,0,0,0,0,0,0,0,0,0,0,0,0,0,0,0,0,0
Montserrat,Consumption,0,0,0,0,0,0,0,0,0,0,0,0,0,0.001,0.001,0.001,0.001,0.001,0.001,0.001,0.001
Morocco,Production,0.023,0.028,0.026,0.036,0.034,0.024,0.014,0.011,0.014,0.013,0.019,0.021,0.015,0.015,0.014,0.015,0.032,0.043,0.031,0.026,0.044
Morocco,Consumption,0.34,0.376,0.372,0.392,0.405,0.402,0.429,0.446,0.481,0.488,0.491,0.492,0.513,0.535,0.55,0.628,0.646,0.731,0.757,0.788,0.643
Mozambique,Production,0.005,0.005,0.005,0.005,0.01,0.018,0.08,0.1,0.124,0.131,0.113,0.159,0.211,0.238,0.253,0.254,0.261,0.274,0.315,0.398,0.348
Mozambique,Consumption,0.022,0.021,0.022,0.022,0.026,0.032,0.078,0.101,0.131,0.133,0.131,0.142,0.156,0.168,0.182,0.17,0.183,0.185,0.207,0.178,0.191
Myanmar,Production,0.09,0.101,0.1,0.095,0.094,0.101,0.089,0.167,0.277,0.38,0.434,0.459,0.571,0.569,0.604,0.564,0.535,0.56,0.577,0.594,0.629
Myanmar,Consumption,0.094,0.11,0.117,0.118,0.127,0.138,0.142,0.167,0.166,0.188,0.212,0.217,0.286,0.266,0.289,0.26,0.241,0.241,0.265,0.274,0.328
Namibia,Production,0,0,0.012,0.009,0.006,0.01,0.012,0.014,0.014,0.015,0.015,0.016,0.016,0.016,0.015,0.015,0.014,0.012,0.014,0.015,0.012
Namibia,Consumption,0.024,0.023,0.032,0.031,0.03,0.033,0.039,0.042,0.047,0.05,0.054,0.057,0.059,0.063,0.065,0.067,0.066,0.063,0.067,0.068,0.077
Nauru,Production,0,0,0,0,0,0,0,0,0,0,0,0,0,0,0,0,0,0,0,0,0
Nauru,Consumption,0.002,0.002,0.002,0.002,0.002,0.002,0.002,0.002,0.002,0.002,0.002,0.002,0.002,0.002,0.002,0.002,0.002,0.002,0.002,0.002,0.002
Nepal,Production,0.009,0.01,0.012,0.012,0.011,0.012,0.015,0.017,0.019,0.022,0.023,0.024,0.025,0.027,0.028,0.028,0.03,0.031,0.034,0.034,0.035
Nepal,Consumption,0.023,0.027,0.03,0.034,0.036,0.044,0.056,0.058,0.062,0.059,0.061,0.063,0.069,0.068,0.07,0.073,0.079,0.089,0.087,0.089,0.095
Netherlands,Production,2.977,2.913,2.907,3.248,2.881,2.769,2.555,2.473,2.63,2.615,2.527,2.941,2.704,2.654,2.646,2.87,2.709,3.007,2.774,2.759,2.934
Netherlands,Consumption,3.559,3.53,3.577,3.729,3.698,3.696,3.688,3.792,3.935,3.941,4,4.114,4.204,4.149,4.237,4.205,4.047,4.251,4.045,4.031,3.935
Netherlands Antilles,Production,0,0,0,0,0,0,0,0,0,0,0,0,0,0,0,0,0,0,0,0,0
Netherlands Antilles,Consumption,0.139,0.145,0.153,0.152,0.162,0.162,0.156,0.156,0.158,0.151,0.145,0.145,0.153,0.16,0.169,0.185,0.173,0.175,0.198,0.199,0.147
New Caledonia,Production,0.004,0.004,0.004,0.004,0.004,0.004,0.005,0.005,0.004,0.003,0.003,0.003,0.004,0.003,0.004,0.005,0.004,0.003,0.004,0.004,0.004
New Caledonia,Consumption,0.026,0.026,0.026,0.027,0.025,0.026,0.027,0.03,0.029,0.032,0.033,0.035,0.035,0.041,0.041,0.041,0.042,0.042,0.044,0.043,0.035
New Zealand,Production,0.62,0.632,0.638,0.658,0.692,0.642,0.675,0.68,0.682,0.711,0.644,0.649,0.611,0.626,0.665,0.687,0.703,0.75,0.715,0.696,0.615
New Zealand,Consumption,0.741,0.777,0.784,0.769,0.787,0.773,0.816,0.827,0.849,0.841,0.837,0.875,0.846,0.83,0.85,0.85,0.837,0.865,0.855,0.829,0.86
Nicaragua,Production,0.009,0.008,0.007,0.007,0.006,0.005,0.005,0.004,0.004,0.006,0.007,0.007,0.009,0.008,0.008,0.012,0.01,0.013,0.012,0.016,0.019
Nicaragua,Consumption,0.041,0.042,0.045,0.047,0.049,0.052,0.057,0.055,0.059,0.06,0.061,0.064,0.069,0.068,0.07,0.071,0.07,0.072,0.078,0.08,0.089
Niger,Production,0.005,0.005,0.005,0.005,0.004,0.004,0.004,0.004,0.004,0.005,0.005,0.006,0.005,0.005,0.004,0.005,0.006,0.006,0.021,0.049,0.043
Niger,Consumption,0.015,0.015,0.015,0.015,0.015,0.015,0.015,0.015,0.015,0.016,0.017,0.018,0.017,0.017,0.018,0.013,0.017,0.018,0.019,0.019,0.014
Nigeria,Production,4.451,4.37,4.525,4.564,4.85,4.899,4.891,5.178,5.454,5.154,5.708,5.899,6.523,6.325,6.275,5.899,5.714,6.376,6.661,7.052,6.553
Nigeria,Consumption,0.795,0.743,0.832,0.849,0.851,0.816,0.817,0.809,0.911,0.935,0.978,0.984,1.082,1.029,0.91,1.027,0.904,0.808,0.827,1.139,1.236
Niue,Production,0,0,0,0,0,0,0,0,0,0,0,0,0,0,0,0,0,0,0,0,0
Niue,Consumption,0,0,0,0,0,0,0,0,0,0,0,0,0,0,0,0,0,0,0,0,0
North Korea,Production,0.797,0.761,0.724,0.649,0.595,0.543,0.606,0.635,0.655,0.625,0.646,0.665,0.703,0.711,0.706,0.734,0.729,0.728,0.744,0.752,0.768
North Korea,Consumption,0.997,0.938,0.873,0.743,0.675,0.612,0.661,0.681,0.702,0.671,0.689,0.684,0.698,0.74,0.654,0.721,0.672,0.657,0.497,0.489,0.605
Norway,Production,7.12,7.774,8.349,9.262,9.583,9.331,9.532,10.3,10.301,10.69,10.631,10.792,10.657,10.123,9.919,10.125,9.877,9.453,9.054,9.462,8.967
Norway,Consumption,1.7,1.666,1.775,1.674,1.736,1.79,1.871,1.967,1.886,1.933,1.801,1.884,1.971,1.778,1.928,1.933,1.896,1.83,1.801,1.907,1.833
Oman,Production,1.817,1.902,1.995,2.067,2.131,2.197,2.166,2.427,2.479,2.484,2.349,2.258,2.385,2.448,2.398,2.502,2.641,2.836,2.861,3.149,3.202
Oman,Consumption,0.227,0.237,0.224,0.231,0.268,0.347,0.301,0.341,0.347,0.36,0.357,0.381,0.48,0.551,0.582,0.745,0.75,0.947,0.974,1.225,1.126
Pakistan,Production,0.944,1.015,1.038,1.056,1.07,1.06,1.096,1.146,1.124,1.143,1.25,1.319,1.487,1.648,1.642,1.644,1.66,1.744,1.712,1.806,1.788
Pakistan,Consumption,1.403,1.529,1.595,1.671,1.685,1.719,1.804,1.846,1.799,1.813,1.909,1.967,2.14,2.385,2.482,2.469,2.506,2.609,2.544,2.638,2.651
Palestinian Territories,Production,0,0,0,0,0,0,0,0,0,0,0,0,0,0,0,0,0,0,0,0,0
Palestinian Territories,Consumption,0,0,0,0,0.009,0.015,0.015,0.02,0.027,0.025,0.026,0.04,0.049,0.054,0.055,0.046,0.045,0.049,0.047,0.048,0.063
Panama,Production,0.024,0.025,0.025,0.031,0.03,0.022,0.032,0.035,0.026,0.034,0.029,0.038,0.037,0.036,0.037,0.039,0.038,0.041,0.04,0.051,0.061
Panama,Consumption,0.182,0.204,0.216,0.194,0.199,0.208,0.205,0.206,0.203,0.203,0.196,0.227,0.22,0.224,0.229,0.149,0.248,0.292,0.314,0.347,0.277
Papua New Guinea,Production,0.265,0.232,0.217,0.227,0.175,0.175,0.211,0.157,0.152,0.126,0.118,0.108,0.098,0.107,0.103,0.095,0.087,0.078,0.076,0.066,0.069
Papua New Guinea,Consumption,0.041,0.039,0.045,0.047,0.044,0.045,0.045,0.046,0.046,0.061,0.069,0.069,0.07,0.072,0.073,0.059,0.058,0.059,0.057,0.052,0.056
Paraguay,Production,0.321,0.372,0.43,0.464,0.514,0.514,0.526,0.54,0.464,0.486,0.519,0.515,0.506,0.528,0.526,0.541,0.531,0.522,0.554,0.567,0.57
Paraguay,Consumption,0.261,0.302,0.348,0.363,0.401,0.408,0.424,0.43,0.379,0.394,0.418,0.415,0.41,0.425,0.425,0.443,0.436,0.438,0.466,0.478,0.464
Peru,Production,0.425,0.439,0.442,0.427,0.397,0.402,0.39,0.387,0.399,0.403,0.4,0.407,0.472,0.505,0.539,0.588,0.622,0.808,0.988,1.012,1.05
Peru,Consumption,0.425,0.449,0.471,0.499,0.48,0.498,0.509,0.523,0.532,0.541,0.55,0.581,0.608,0.669,0.677,0.773,0.752,0.878,0.906,0.971,0.859
Philippines,Production,0.164,0.171,0.159,0.167,0.159,0.167,0.213,0.227,0.23,0.302,0.355,0.402,0.405,0.387,0.419,0.442,0.467,0.496,0.507,0.523,0.488
Philippines,Consumption,0.787,0.838,0.896,0.951,1.013,1.059,1.115,1.142,1.105,1.137,1.166,1.217,1.166,1.109,1.149,1.188,1.205,1.211,1.205,1.287,1.326
Poland,Production,3.682,3.742,3.593,3.833,3.839,3.361,3.507,3.06,3.077,3.081,3.078,3.049,2.98,2.912,2.737,2.667,2.519,2.507,2.575,2.708,2.329
Poland,Consumption,4.008,3.846,3.747,4.191,4.157,3.924,4.037,3.585,3.536,3.549,3.709,3.819,3.789,3.997,3.994,4.05,3.901,4.208,4.321,4.187,4.284
Portugal,Production,0.099,0.121,0.096,0.162,0.144,0.143,0.089,0.133,0.164,0.101,0.181,0.125,0.085,0.158,0.162,0.144,0.178,0.275,0.233,0.184,0.278
Portugal,Consumption,0.768,0.808,0.842,0.877,0.918,0.979,1.025,1.072,1.086,1.082,1.115,1.115,1.113,1.1,1.111,1.068,1.065,1.114,1.058,0.97,1.051
Puerto Rico,Production,0.001,0,0,0.001,0.001,0.001,0.002,0.002,0.001,0.001,0.001,0.001,0.001,0.001,0.002,0.002,0.002,0.001,0.002,0.002,0.003
Puerto Rico,Consumption,0.347,0.356,0.364,0.374,0.384,0.394,0.327,0.441,0.478,0.482,0.52,0.53,0.514,0.514,0.473,0.421,0.394,0.376,0.362,0.396,0.362
Qatar,Production,1.446,1.443,1.507,1.655,1.9,2.308,2.371,2.829,2.744,2.807,3.14,3.701,4.225,4.476,5.109,5.907,6.564,8.101,9.528,9.554,9.622
Qatar,Consumption,0.557,0.559,0.563,0.579,0.61,0.623,0.594,0.645,0.502,0.527,0.584,0.705,0.886,0.966,1.017,1.083,1.148,1.271,1.462,1.656,1.641
Reunion,Production,0.005,0.005,0.005,0.006,0.007,0.008,0.008,0.008,0.008,0.008,0.008,0.008,0.008,0.008,0.009,0.006,0.005,0.006,0.006,0.006,0.006
Reunion,Consumption,0.032,0.033,0.032,0.034,0.034,0.043,0.043,0.044,0.046,0.046,0.046,0.046,0.047,0.048,0.049,0.049,0.048,0.048,0.048,0.049,0.047
Romania,Production,1.458,1.423,1.449,1.43,1.403,1.252,1.207,1.191,1.251,1.201,1.137,1.144,1.15,1.177,1.163,1.188,1.133,1.135,1.129,1.09,1.041
Romania,Consumption,1.955,1.877,2.021,2.052,2.029,1.737,1.591,1.585,1.712,1.679,1.62,1.683,1.659,1.666,1.654,1.662,1.401,1.405,1.423,1.419,1.383
Russian Federation,Production,44.687,42.303,41.418,39.946,38.741,39.065,40.809,41.695,42.829,44.163,47.164,49.864,51.051,52.143,52.608,52.616,50.164,53.922,54.856,55.6,54.544
Russian Federation,Consumption,31.862,29.276,27.816,26.004,24.425,24.29,25.376,26.167,25.853,26.719,27.463,28.221,27.949,29.083,29.119,29.586,26.465,30.254,30.66,31.851,30.517
Rwanda,Production,0.002,0.002,0.002,0.001,0.002,0.002,0.001,0.001,0,0,0.001,0,0,0,0,0,0,0.001,0.001,0.001,0.002
Rwanda,Consumption,0.011,0.012,0.012,0.012,0.012,0.012,0.012,0.012,0.012,0.012,0.013,0.012,0.012,0.012,0.011,0.012,0.012,0.012,0.012,0.013,0.013
Saint Helena,Production,0,0,0,0,0,0,0,0,0,0,0,0,0,0,0,0,0,0,0,0,0
Saint Helena,Consumption,0,0,0,0,0,0,0,0,0,0,0,0,0,0,0,0,0,0,0,0,0
Saint Kitts and Nevis,Production,0,0,0,0,0,0,0,0,0,0,0,0,0,0,0,0,0,0,0,0,0
Saint Kitts and Nevis,Consumption,0.001,0.001,0.001,0.001,0.001,0.001,0.001,0.001,0.001,0.001,0.002,0.002,0.002,0.003,0.004,0.004,0.004,0.004,0.004,0.004,0.004
Saint Lucia,Production,0,0,0,0,0,0,0,0,0,0,0,0,0,0,0,0,0,0,0,0,0
Saint Lucia,Consumption,0.002,0.003,0.003,0.003,0.003,0.003,0.003,0.005,0.005,0.005,0.006,0.005,0.005,0.005,0.006,0.006,0.006,0.006,0.006,0.006,0.006
Saint Pierre and Miquelon,Production,0,0,0,0,0,0,0,0,0,0,0,0,0,0,0,0,0,0,0,0,0
Saint Pierre and Miquelon,Consumption,0.002,0.002,0.001,0.001,0,0,0,0.001,0,0,0.001,0.001,0.001,0.001,0.001,0.001,0.001,0.001,0.001,0.001,0.001
Saint Vincent/Grenadines,Production,0,0,0,0,0,0,0,0,0,0,0,0,0,0,0,0,0,0,0,0,0
Saint Vincent/Grenadines,Consumption,0.001,0.002,0.002,0.002,0.002,0.003,0.003,0.003,0.003,0.003,0.003,0.003,0.003,0.003,0.003,0.003,0.003,0.003,0.003,0.003,0.003
Samoa,Production,0,0,0,0,0,0,0,0,0,0,0,0,0,0,0,0,0,0,0,0,0
Samoa,Consumption,0.002,0.002,0.002,0.002,0.002,0.002,0.002,0.002,0.002,0.003,0.003,0.003,0.003,0.003,0.003,0.003,0.003,0.003,0.003,0.003,0.003
Sao Tome and Principe,Production,0,0,0,0,0,0,0,0,0,0,0,0,0,0,0,0,0,0,0,0,0
Sao Tome and Principe,Consumption,0.001,0.001,0.001,0.001,0.001,0.001,0.001,0.001,0.001,0.001,0.001,0.001,0.001,0.002,0.002,0.002,0.002,0.002,0.002,0.002,0.002
Saudi Arabia,Production,20.108,20.39,20.659,20.815,21.243,21.415,20.178,21.593,20.946,20.27,23.049,24.627,26.063,25.285,24.514,26.177,23.705,25.345,26.715,27.938,27.597
Saudi Arabia,Consumption,3.776,3.9,3.826,4.104,4.366,4.543,4.602,4.853,5.139,5.384,5.761,6.208,6.526,6.846,6.896,7.414,7.673,8.32,8.859,9.661,9.65
Senegal,Production,0.001,0.002,0.002,0.002,0.002,0.002,0.002,0.002,0.002,0.004,0.006,0.005,0.005,0.004,0.004,0.004,0.004,0.004,0.004,0.005,0.005
Senegal,Consumption,0.042,0.051,0.055,0.056,0.051,0.054,0.06,0.064,0.064,0.067,0.068,0.078,0.084,0.086,0.089,0.091,0.086,0.092,0.096,0.094,0.102
Serbia,Production,0,0,0,0,0,0,0,0,0,0,0,0,0,0.473,0.463,0.472,0.484,0.506,0.504,0.481,0.463
Serbia,Consumption,0,0,0,0,0,0,0,0,0,0,0,0,0,0.708,0.716,0.715,0.689,0.702,0.844,0.809,0.821
Seychelles,Production,0,0,0,0,0,0,0,0,0,0,0,0,0,0,0,0,0,0,0,0,0
Seychelles,Consumption,0.007,0.007,0.007,0.007,0.008,0.008,0.008,0.008,0.008,0.012,0.012,0.012,0.012,0.016,0.013,0.015,0.016,0.014,0.014,0.014,0.017
Sierra Leone,Production,0,0,0,0,0,0,0,0,0,0,0,0,0,0,0,0,0,0.001,0,0,0.001
Sierra Leone,Consumption,0.011,0.011,0.012,0.012,0.012,0.012,0.012,0.013,0.014,0.014,0.014,0.017,0.007,0.01,0.008,0.009,0.009,0.01,0.01,0.01,0.011
Singapore,Production,0.005,0.005,0.005,0.005,0.005,0.005,0.005,0.005,0.01,0.01,0.01,0.01,0.009,0.009,0.01,0.005,0.005,0.006,0.006,0.006,0.007
Singapore,Consumption,1.088,1.172,1.19,1.357,1.456,1.504,1.49,1.527,1.621,1.602,1.692,1.903,2.161,2.372,2.556,2.559,2.576,2.867,3.03,3.091,3.178
Slovakia,Production,0.232,0.242,0.237,0.235,0.226,0.231,0.245,0.284,0.295,0.305,0.284,0.274,0.276,0.279,0.247,0.261,0.237,0.25,0.251,0.252,0.25
Slovakia,Consumption,0.776,0.743,0.802,0.784,0.772,0.771,0.767,0.783,0.826,0.832,0.809,0.795,0.817,0.806,0.781,0.795,0.718,0.761,0.745,0.701,0.718
Slovenia,Production,0.125,0.13,0.139,0.139,0.137,0.138,0.139,0.139,0.14,0.145,0.139,0.151,0.146,0.144,0.14,0.155,0.154,0.151,0.148,0.14,0.136
Slovenia,Consumption,0.238,0.247,0.278,0.307,0.286,0.285,0.29,0.287,0.298,0.3,0.298,0.313,0.315,0.317,0.314,0.339,0.307,0.311,0.293,0.286,0.276
Solomon Islands,Production,0,0,0,0,0,0,0,0,0,0,0,0,0,0,0,0,0,0,0,0,0
Solomon Islands,Consumption,0.002,0.002,0.002,0.002,0.002,0.002,0.002,0.003,0.003,0.003,0.003,0.003,0.003,0.003,0.003,0.003,0.003,0.003,0.003,0.003,0.003
Somalia,Production,0,0,0,0,0,0,0,0,0,0,0,0,0,0,0,0,0,0,0,0,0
Somalia,Consumption,0.008,0.008,0.008,0.008,0.008,0.008,0.008,0.01,0.01,0.01,0.01,0.01,0.013,0.014,0.012,0.012,0.011,0.012,0.012,0.012,0.012
South Africa,Production,4.395,4.598,4.841,4.856,5.401,5.501,5.507,5.54,5.525,5.456,5.901,6.078,6.052,6.04,6.052,6.153,6.071,6.243,6.151,6.272,5.928
South Africa,Consumption,3.874,4.096,4.169,4.163,4.463,4.265,4.627,4.545,4.599,4.281,4.744,5.178,5.078,5.269,5.445,5.879,5.48,5.586,5.833,6.075,5.767
South Korea,Production,0.769,0.716,0.772,0.819,0.843,0.976,1.103,1.234,1.252,1.227,1.341,1.344,1.478,1.514,1.472,1.543,1.522,1.539,1.611,1.557,1.437
South Korea,Consumption,5.447,5.866,6.365,6.681,7.355,6.724,7.515,8.017,8.258,8.514,8.744,8.964,9.266,9.402,9.778,9.951,10.05,10.954,11.209,11.283,11.349
Spain,Production,1.335,1.328,1.189,1.349,1.28,1.305,1.257,1.336,1.514,1.335,1.509,1.461,1.297,1.395,1.388,1.386,1.424,1.72,1.535,1.547,1.659
Spain,Consumption,4.022,4.177,4.302,4.399,4.699,4.93,5.171,5.498,5.758,5.834,6.142,6.364,6.533,6.581,6.758,6.535,6.121,6.237,6.068,5.994,5.659
Sri Lanka,Production,0.039,0.042,0.045,0.033,0.035,0.04,0.042,0.032,0.032,0.027,0.033,0.03,0.034,0.038,0.039,0.041,0.038,0.055,0.046,0.033,0.067
Sri Lanka,Consumption,0.126,0.136,0.147,0.146,0.161,0.168,0.18,0.189,0.186,0.188,0.2,0.199,0.22,0.216,0.225,0.218,0.211,0.244,0.269,0.278,0.306
Sudan,Production,0.017,0.017,0.016,0.02,0.025,0.034,0.146,0.363,0.406,0.461,0.517,0.653,0.667,0.72,0.88,0.903,0.928,0.962,0.903,0.272,0.537
Sudan,Consumption,0.084,0.076,0.071,0.072,0.073,0.074,0.08,0.108,0.136,0.14,0.154,0.165,0.177,0.197,0.224,0.236,0.239,0.294,0.287,0.279,0.29
Suriname,Production,0.026,0.029,0.029,0.031,0.025,0.029,0.036,0.03,0.031,0.031,0.031,0.031,0.031,0.035,0.04,0.045,0.045,0.044,0.044,0.042,0.04
Suriname,Consumption,0.035,0.035,0.034,0.034,0.034,0.034,0.035,0.029,0.031,0.032,0.033,0.034,0.035,0.036,0.036,0.036,0.037,0.044,0.043,0.042,0.042
Swaziland,Production,0.003,0.007,0.007,0.006,0.011,0.011,0.013,0.011,0.013,0.015,0.012,0.012,0.013,0.013,0.014,0.013,0.012,0.011,0.01,0.009,0.002
Swaziland,Consumption,0.012,0.016,0.016,0.015,0.017,0.017,0.017,0.016,0.017,0.017,0.015,0.015,0.014,0.016,0.018,0.019,0.018,0.018,0.018,0.018,0.014
Sweden,Production,1.374,1.329,1.391,1.265,1.399,1.496,1.46,1.391,1.546,1.372,1.239,1.443,1.515,1.365,1.416,1.414,1.277,1.357,1.396,1.552,1.433
Sweden,Consumption,2.236,2.257,2.304,2.262,2.314,2.39,2.35,2.256,2.394,2.256,2.143,2.311,2.328,2.207,2.242,2.181,2.055,2.176,2.141,2.217,2.116
Switzerland,Production,0.608,0.654,0.613,0.552,0.606,0.605,0.674,0.648,0.703,0.64,0.637,0.618,0.558,0.598,0.64,0.634,0.628,0.622,0.591,0.632,0.638
Switzerland,Consumption,1.225,1.245,1.239,1.216,1.235,1.266,1.325,1.296,1.35,1.284,1.298,1.292,1.262,1.285,1.283,1.307,1.275,1.306,1.227,1.273,1.312
Syria,Production,1.41,1.426,1.438,1.511,1.479,1.502,1.48,1.462,1.366,1.421,1.402,1.38,1.287,1.23,1.158,1.126,1.133,1.264,1.129,0.636,0.381
Syria,Consumption,0.595,0.634,0.609,0.652,0.695,0.752,0.774,0.782,0.762,0.82,0.827,0.845,0.805,0.808,0.848,0.977,0.986,1.015,0.937,0.736,0.88
Taiwan,Production,0.414,0.432,0.435,0.457,0.443,0.458,0.464,0.465,0.444,0.467,0.461,0.469,0.479,0.468,0.48,0.467,0.469,0.475,0.484,0.481,0.494
Taiwan,Consumption,2.416,2.579,2.841,3.045,3.187,3.408,3.562,3.832,3.898,4.109,4.261,4.398,4.425,4.548,4.819,4.641,4.555,4.914,4.732,4.628,4.709
Tajikistan,Production,0.183,0.175,0.153,0.154,0.142,0.146,0.16,0.143,0.148,0.155,0.167,0.166,0.172,0.168,0.172,0.169,0.159,0.164,0.161,0.168,0.172
Tajikistan,Consumption,0.26,0.254,0.209,0.23,0.219,0.226,0.242,0.239,0.247,0.252,0.269,0.274,0.284,0.28,0.272,0.209,0.188,0.194,0.191,0.198,0.207
Tanzania,Production,0.019,0.016,0.017,0.019,0.015,0.022,0.024,0.024,0.029,0.029,0.027,0.029,0.033,0.033,0.044,0.046,0.05,0.056,0.052,0.056,0.053
Tanzania,Consumption,0.055,0.049,0.049,0.052,0.048,0.055,0.058,0.058,0.069,0.075,0.076,0.082,0.089,0.092,0.108,0.116,0.121,0.121,0.121,0.128,0.163
Thailand,Production,0.654,0.729,0.808,0.972,1.129,1.123,1.166,1.271,1.308,1.405,1.56,1.595,1.726,1.824,1.91,2.041,2.141,2.341,2.463,2.651,2.65
Thailand,Consumption,1.675,1.867,2.115,2.443,2.592,2.435,2.493,2.562,2.685,2.931,3.202,3.441,3.76,3.897,4.036,4.09,4.254,4.481,4.618,4.828,4.751
Timor-Leste (East Timor),Production,0,0,0,0,0,0,0,0,0,0,0,0.101,0.184,0.196,0.153,0.195,0.187,0.17,0.163,0.155,0.154
Timor-Leste (East Timor),Consumption,0,0,0,0,0,0,0,0,0,0,0.002,0.002,0.002,0.003,0.005,0.003,0.003,0.003,0.003,0.003,0.004
Togo,Production,0.002,0.002,0.003,0.002,0,0.002,0.002,0.001,0,0,0.001,0,0,0,0,0,0.001,0,0.001,0,0
Togo,Consumption,0.011,0.011,0.012,0.012,0.011,0.012,0.017,0.022,0.016,0.021,0.032,0.034,0.034,0.035,0.038,0.022,0.022,0.036,0.033,0.031,0.029
Tonga,Production,0,0,0,0,0,0,0,0,0,0,0,0,0,0,0,0,0,0,0,0,0
Tonga,Consumption,0.001,0.002,0.002,0.002,0.002,0.002,0.002,0.002,0.002,0.002,0.002,0.002,0.002,0.002,0.003,0.003,0.003,0.003,0.003,0.003,0.003
Trinidad and Tobago,Production,0.535,0.561,0.581,0.616,0.628,0.625,0.731,0.815,0.843,0.944,1.253,1.354,1.477,1.712,1.758,1.763,1.806,1.858,1.77,1.812,1.813
Trinidad and Tobago,Consumption,0.272,0.311,0.325,0.359,0.389,0.387,0.399,0.421,0.474,0.5,0.539,0.59,0.673,0.821,0.824,0.898,0.85,0.944,0.932,0.828,0.842
Tunisia,Production,0.225,0.211,0.2,0.216,0.245,0.247,0.253,0.246,0.243,0.252,0.256,0.27,0.264,0.266,0.244,0.235,0.244,0.248,0.22,0.216,0.209
Tunisia,Consumption,0.218,0.237,0.212,0.231,0.268,0.287,0.289,0.301,0.336,0.338,0.331,0.334,0.358,0.333,0.294,0.307,0.3,0.309,0.297,0.325,0.35
Turkey,Production,0.99,0.949,0.985,1.045,1.099,1.165,1.058,1.004,0.897,0.943,0.915,1.001,1.065,1.154,1.173,1.193,1.231,1.35,1.39,1.397,1.152
Turkey,Consumption,2.326,2.229,2.489,2.742,2.919,2.988,2.9,3.155,2.887,3.139,3.306,3.507,3.727,4.067,4.346,4.241,4.241,4.483,5.25,5.401,5.224
Turkmenistan,Production,2.582,1.494,1.361,1.549,1.16,0.75,1.147,2.048,2.133,2.382,2.606,2.617,2.664,2.628,2.837,2.914,1.773,2.036,2.827,3.057,3.435
Turkmenistan,Consumption,0.283,0.274,0.298,0.298,0.305,0.288,0.318,0.401,0.502,0.585,0.759,0.807,0.832,0.841,0.9,0.969,0.89,0.992,0.984,1.133,1.149
Turks and Caicos Islands,Production,0,0,0,0,0,0,0,0,0,0,0,0,0,0,0,0,0,0,0,0,0
Turks and Caicos Islands,Consumption,0,0,0,0,0,0,0,0,0,0,0,0,0,0,0.001,0.002,0.002,0.003,0.003,0.003,0.002
Tuvalu,Production,0,0,0,0,0,0,0,0,0,0,0,0,0,0,0,0,0,0,0,0,0
Tuvalu,Consumption,0,0,0,0,0,0,0,0,0,0,0,0,0,0,0,0,0,0,0,0,0
U.S. Pacific Islands,Production,0,0,0,0,0,0,0,0,0,0,0,0,0,0,0,0,0,0,0,0,0
U.S. Pacific Islands,Consumption,0.004,0.004,0.004,0.005,0.004,0.004,0.004,0.004,0.004,0.004,0.004,0.004,0.004,0.004,0.005,0.005,0.004,0.005,0.004,0.004,0.004
U.S. Territories,Production,0,0,0,0,0,0,0,0,0,0,0,0,0,0,0,0,0,0,0,0,0
U.S. Territories,Consumption,0,0,0,0,0,0,0,0,0,0,0,0,0,0,0,0,0,0,0,0,0
Uganda,Production,0.01,0.01,0.011,0.011,0.013,0.013,0.013,0.016,0.016,0.017,0.018,0.019,0.018,0.012,0.015,0.016,0.014,0.014,0.013,0.023,0.028
Uganda,Consumption,0.024,0.024,0.025,0.025,0.027,0.029,0.029,0.033,0.035,0.036,0.039,0.041,0.042,0.039,0.043,0.067,0.059,0.062,0.059,0.069,0.065
Ukraine,Production,3.81,3.344,3.406,3.045,3.021,3.042,3.048,3.048,3.058,3.057,3.198,3.21,3.233,3.276,3.207,3.311,3.142,3.128,3.39,3.379,2.893
Ukraine,Consumption,8.379,7.13,7.011,6.353,6.057,5.856,5.763,5.774,5.663,5.82,6.312,6.272,6.243,5.72,6.13,6.213,4.597,5.138,5.691,5.245,5.007
United Arab Emirates,Production,5.783,5.836,6.14,6.34,6.501,6.607,6.253,6.767,6.593,6.499,7.13,7.424,7.59,7.868,7.915,8.128,7.519,7.641,8.463,8.917,8.987
United Arab Emirates,Consumption,1.51,1.492,1.607,1.669,1.771,1.838,1.865,1.866,1.892,2.06,2.109,2.224,2.586,2.73,3.06,3.453,3.442,3.578,3.747,3.92,4.004
United Kingdom,Production,9.416,10.23,10.913,11.605,11.371,11.56,11.914,11.101,11.172,11.011,10.495,9.414,8.55,7.781,7.298,6.935,6.548,6.181,5.34,4.762,4.427
United Kingdom,Consumption,9.579,9.577,9.534,10.06,9.788,9.754,9.796,9.734,9.884,9.749,9.784,9.843,9.809,9.699,9.36,9.232,8.728,8.937,8.436,8.484,8.438
United States,Production,68.315,70.726,71.174,72.486,72.472,72.876,71.742,71.332,71.735,70.713,69.939,70.234,69.434,70.744,71.415,73.223,72.667,74.764,77.955,79.155,81.747
United States,Consumption,87.366,89.088,91.032,94.022,94.602,95.019,96.65,98.819,96.172,97.647,97.921,100.094,100.193,99.492,101.027,98.906,94.138,97.48,96.902,94.487,97.241
Uruguay,Production,0.075,0.077,0.06,0.059,0.066,0.093,0.056,0.072,0.094,0.096,0.086,0.048,0.067,0.036,0.08,0.052,0.059,0.093,0.072,0.062,0.088
Uruguay,Consumption,0.14,0.138,0.125,0.129,0.142,0.178,0.16,0.164,0.162,0.168,0.162,0.141,0.157,0.149,0.178,0.184,0.19,0.208,0.203,0.204,0.19
Uzbekistan,Production,1.912,2.052,2.145,2.153,2.178,2.386,2.385,2.41,2.654,2.455,2.46,2.546,2.505,2.59,2.665,2.791,2.483,2.487,2.609,2.617,2.493
Uzbekistan,Consumption,1.721,1.757,1.863,1.88,1.876,1.845,1.864,1.956,2.046,2.097,2.128,2.253,2.162,2.228,2.228,2.234,1.998,1.97,2.143,2.194,2.039
Vanuatu,Production,0,0,0,0,0,0,0,0,0,0,0,0,0,0,0,0,0,0,0,0,0
Vanuatu,Consumption,0,0,0,0,0,0,0,0.001,0.001,0.001,0.001,0.001,0.001,0.001,0.002,0.001,0.002,0.002,0.002,0.002,0.002
Venezuela,Production,7.283,7.723,8.102,8.639,9.517,9.497,8.586,9.423,9.279,8.207,7.364,8.106,8.076,8.05,7.755,7.807,7.638,7.337,7.805,7.726,7.647
Venezuela,Consumption,2.291,2.437,2.47,2.572,2.662,2.863,2.647,2.77,3.031,2.935,2.715,2.93,3.005,3.245,2.93,3.14,3.1,3.014,3.384,3.267,3.357
Viet Nam,Production,0.545,0.596,0.747,0.813,0.812,0.95,1.038,1.156,1.32,1.383,1.454,1.812,1.986,2.087,2.137,2.105,2.316,2.327,2.458,2.577,2.502
Viet Nam,Consumption,0.372,0.414,0.497,0.591,0.583,0.611,0.683,0.736,0.813,0.902,0.976,1.085,1.251,1.321,1.466,1.63,1.825,2.025,2.17,2.382,2.335
"Virgin Islands,  U.S.",Production,0,0,0,0,0,0,0,0,0,0,0,0,0,0,0,0,0,0,0,0,0
"Virgin Islands,  U.S.",Consumption,0.12,0.123,0.122,0.121,0.123,0.128,0.306,0.139,0.192,0.191,0.225,0.235,0.225,0.239,0.223,0.187,0.223,0.213,0.231,0.233,0.237
"Virgin Islands, British",Production,0,0,0,0,0,0,0,0,0,0,0,0,0,0,0,0,0,0,0,0,0
"Virgin Islands, British",Consumption,0,0,0,0,0,0,0,0,0,0,0,0.001,0.001,0.001,0.002,0.002,0.002,0.002,0.002,0.002,0.002
Wake Island,Production,0,0,0,0,0,0,0,0,0,0,0,0,0,0,0,0,0,0,0,0,0
Wake Island,Consumption,0.018,0.018,0.018,0.018,0.019,0.019,0.019,0.019,0.019,0.019,0.019,0.019,0.019,0.019,0.02,0.019,0.019,0.019,0.019,0.019,0.018
Western Sahara,Production,0,0,0,0,0,0,0,0,0,0,0,0,0,0,0,0,0,0,0,0,0
Western Sahara,Consumption,0.003,0.003,0.003,0.003,0.003,0.003,0.003,0.004,0.004,0.004,0.004,0.004,0.004,0.004,0.004,0.004,0.004,0.004,0.004,0.004,0.004
Yemen,Production,0.46,0.7,0.721,0.713,0.757,0.81,0.855,0.917,0.921,0.918,0.897,0.847,0.836,0.783,0.666,0.625,0.626,0.825,0.822,0.646,0.67
Yemen,Consumption,0.142,0.138,0.15,0.153,0.159,0.171,0.179,0.194,0.206,0.226,0.244,0.246,0.257,0.28,0.255,0.312,0.289,0.362,0.307,0.289,0.326
Zambia,Production,0.088,0.084,0.084,0.077,0.084,0.081,0.083,0.083,0.086,0.087,0.088,0.087,0.092,0.097,0.095,0.093,0.097,0.101,0.11,0.118,0.128
Zambia,Consumption,0.106,0.101,0.102,0.096,0.104,0.102,0.099,0.099,0.105,0.108,0.112,0.115,0.121,0.125,0.125,0.119,0.12,0.126,0.142,0.156,0.168
Zimbabwe,Production,0.162,0.15,0.145,0.141,0.129,0.131,0.154,0.147,0.142,0.145,0.149,0.146,0.146,0.145,0.142,0.125,0.125,0.135,0.136,0.132,0.126
Zimbabwe,Consumption,0.214,0.197,0.197,0.203,0.2,0.204,0.235,0.225,0.214,0.21,0.201,0.175,0.192,0.195,0.183,0.16,0.157,0.166,0.165,0.171,0.177